<Table>

<ProcessItem>
<Action>Load</Action>
<Value>data\usecases\import_simple_z.ini</Value>
<Info>Set import for Z axis</Info>
</ProcessItem>

<ProcessItem>
<Action>Load</Action>
<Value>data\examples\graphic_bunny.dxf</Value>
<Info>Load example graphic file</Info>
</ProcessItem>

<ProcessItem>
<Action>G-Code</Action>
<Value>G00 Y-50</Value>
<Info>Move Y to fresh position</Info>
</ProcessItem>

<ProcessItem>
<Action>G-Code</Action>
<Value>G10 L20 P0 X0 Y0 Z0</Value>
<Info>Set current coordinate to 0;0</Info>
</ProcessItem>

<ProcessItem>
<Action>Fiducial</Action>
<Value></Value>
<Info>Start fiducial recognition with camera</Info>
</ProcessItem>

<ProcessItem>
<Action>Stream</Action>
<Value> </Value>
<Info>Send G-Code from editor</Info>
</ProcessItem>

<ProcessItem>
<Action>Jump to</Action>
<Value>3,5</Value>
<Info>Repeat from line 3, 5 times</Info>
</ProcessItem>

</Table>