<?xml version="1.0" standalone="yes"?>
<NewDataSet>
  <ProcessItem>
    <Command>2D-View Clear</Command>
    <Value />
    <Info>Clear workspace, delete G-Code from editor</Info>
  </ProcessItem>
  <ProcessItem>
    <Command>Load</Command>
    <Value>data\usecases\import_simple_z.ini</Value>
    <Info>Set import for Z axis</Info>
  </ProcessItem>
  <ProcessItem>
    <Command>Load</Command>
    <Value>data\examples\graphic_bunny.dxf</Value>
    <Info>Load example graphic file</Info>
  </ProcessItem>
  <ProcessItem>
    <Command>G-Code Send</Command>
    <Value>G00 Y-50</Value>
    <Info>Move Y to fresh position</Info>
  </ProcessItem>
  <ProcessItem>
    <Command>G-Code Send</Command>
    <Value>G10 L20 P0 X0 Y0 Z0</Value>
    <Info>Set current coordinate to 0;0</Info>
  </ProcessItem>
  <ProcessItem>
    <Command>Camera Automatic</Command>
    <Value>start</Value>
    <Info>Start fiducial recogniton in camera window</Info>
  </ProcessItem>
  <ProcessItem>
    <Command>G-Code Stream</Command>
    <Value />
    <Info>Send G-Code from editor</Info>
  </ProcessItem>
  <ProcessItem>
    <Command>Jump to</Command>
    <Value>3,5</Value>
    <Info>Repeat from line 3, 5 times</Info>
  </ProcessItem>
</NewDataSet>